/* 학습모듈 데이터 입력 */
INSERT INTO BIT_SUBJ_MODS(TITL) VALUES('SW아키텍처');
INSERT INTO BIT_SUBJ_MODS(TITL) VALUES('응용SW엔지니어링');
INSERT INTO BIT_SUBJ_MODS(TITL) VALUES('임베디드SW엔지니어링');
INSERT INTO BIT_SUBJ_MODS(TITL) VALUES('DB엔지니어링');
INSERT INTO BIT_SUBJ_MODS(TITL) VALUES('NW엔지니어링');
INSERT INTO BIT_SUBJ_MODS(TITL) VALUES('보안엔지니어링');
INSERT INTO BIT_SUBJ_MODS(TITL) VALUES('UI/UX엔지니어링');
INSERT INTO BIT_SUBJ_MODS(TITL) VALUES('시스템SW엔지니어링');

/* 강사 회원 정보 등록 */
INSERT INTO BIT_MEMBS(MNM,TEL,EMAIL,PWD) VALUES('홍길동','111-1111','hong@bit.com',password('1111'));
INSERT INTO BIT_TCHS(TNO) VALUES(1);
INSERT INTO BIT_MEMBS(MNM,TEL,EMAIL,PWD) VALUES('임꺽정','111-1112','leem@bit.com',password('1111'));
INSERT INTO BIT_TCHS(TNO) VALUES(2);
INSERT INTO BIT_MEMBS(MNM,TEL,EMAIL,PWD) VALUES('유관순','111-1113','ryu@bit.com',password('1111'));
INSERT INTO BIT_TCHS(TNO) VALUES(3);
INSERT INTO BIT_MEMBS(MNM,TEL,EMAIL,PWD) VALUES('김구','111-1114','kim@bit.com',password('1111'));
INSERT INTO BIT_TCHS(TNO) VALUES(4);
INSERT INTO BIT_MEMBS(MNM,TEL,EMAIL,PWD) VALUES('안중근','111-1115','ahn@bit.com',password('1111'));
INSERT INTO BIT_TCHS(TNO) VALUES(5);

/* 매니저 회원 정보 등록 */
INSERT INTO BIT_MEMBS(MNM,TEL,EMAIL,PWD) VALUES('김용','111-1116','kimy@bit.com',password('1111'));
INSERT INTO BIT_MGRS(MGRNO,POSI) VALUES(6,'대리');
INSERT INTO BIT_MEMBS(MNM,TEL,EMAIL,PWD) VALUES('강소희','111-1117','kang@bit.com',password('1111'));
INSERT INTO BIT_MGRS(MGRNO,POSI) VALUES(7,'주임');
INSERT INTO BIT_MEMBS(MNM,TEL,EMAIL,PWD) VALUES('장현진','111-1118','jang@bit.com',password('1111'));
INSERT INTO BIT_MGRS(MGRNO,POSI) VALUES(8,'대리');
INSERT INTO BIT_MEMBS(MNM,TEL,EMAIL,PWD) VALUES('홍주형','111-1119','hongjh@bit.com',password('1111'));
INSERT INTO BIT_MGRS(MGRNO,POSI) VALUES(9,'주임');

/* 학생 회원 정보 등록 */
INSERT INTO BIT_MEMBS(MNM,TEL,EMAIL,PWD) VALUES('학생1','2222-0001','s01@test.com',password('1111'));
INSERT INTO BIT_MEMBS(MNM,TEL,EMAIL,PWD) VALUES('학생2','2222-0002','s02@test.com',password('1111'));
INSERT INTO BIT_MEMBS(MNM,TEL,EMAIL,PWD) VALUES('학생3','2222-0003','s03@test.com',password('1111'));
INSERT INTO BIT_MEMBS(MNM,TEL,EMAIL,PWD) VALUES('학생4','2222-0004','s04@test.com',password('1111'));
INSERT INTO BIT_MEMBS(MNM,TEL,EMAIL,PWD) VALUES('학생5','2222-0005','s05@test.com',password('1111'));
INSERT INTO BIT_MEMBS(MNM,TEL,EMAIL,PWD) VALUES('학생6','2222-0006','s06@test.com',password('1111'));
INSERT INTO BIT_MEMBS(MNM,TEL,EMAIL,PWD) VALUES('학생7','2222-0007','s07@test.com',password('1111'));
INSERT INTO BIT_MEMBS(MNM,TEL,EMAIL,PWD) VALUES('학생8','2222-0008','s08@test.com',password('1111'));
INSERT INTO BIT_MEMBS(MNM,TEL,EMAIL,PWD) VALUES('학생9','2222-0009','s09@test.com',password('1111'));
INSERT INTO BIT_MEMBS(MNM,TEL,EMAIL,PWD) VALUES('학생10','2222-0010','s10@test.com',password('1111'));
INSERT INTO BIT_MEMBS(MNM,TEL,EMAIL,PWD) VALUES('학생11','2222-0011','s11@test.com',password('1111'));
INSERT INTO BIT_MEMBS(MNM,TEL,EMAIL,PWD) VALUES('학생12','2222-0012','s12@test.com',password('1111'));
INSERT INTO BIT_MEMBS(MNM,TEL,EMAIL,PWD) VALUES('학생13','2222-0013','s13@test.com',password('1111'));
INSERT INTO BIT_MEMBS(MNM,TEL,EMAIL,PWD) VALUES('학생14','2222-0014','s14@test.com',password('1111'));
INSERT INTO BIT_MEMBS(MNM,TEL,EMAIL,PWD) VALUES('학생15','2222-0015','s15@test.com',password('1111'));
INSERT INTO BIT_MEMBS(MNM,TEL,EMAIL,PWD) VALUES('학생16','2222-0016','s16@test.com',password('1111'));
INSERT INTO BIT_MEMBS(MNM,TEL,EMAIL,PWD) VALUES('학생17','2222-0017','s17@test.com',password('1111'));
INSERT INTO BIT_MEMBS(MNM,TEL,EMAIL,PWD) VALUES('학생18','2222-0018','s18@test.com',password('1111'));
INSERT INTO BIT_MEMBS(MNM,TEL,EMAIL,PWD) VALUES('학생19','2222-0019','s19@test.com',password('1111'));
INSERT INTO BIT_MEMBS(MNM,TEL,EMAIL,PWD) VALUES('학생20','2222-0020','s20@test.com',password('1111'));

INSERT INTO BIT_STDS(SNO,SLVL,SCHL,ED_DT,WORK,COMP) VALUES(10,'학사','대한대학교','2010-2-10','Y','비트컴퓨터');
INSERT INTO BIT_STDS(SNO,SLVL,SCHL,ED_DT,WORK) VALUES(11,'학사','대한대학교','2011-2-10','N');
INSERT INTO BIT_STDS(SNO,SLVL,SCHL,ED_DT,WORK) VALUES(12,'학사','대한대학교','2012-2-10','N');
INSERT INTO BIT_STDS(SNO,SLVL,SCHL,ED_DT,WORK) VALUES(13,'학사','대한대학교','2013-2-10','N');
INSERT INTO BIT_STDS(SNO,SLVL,SCHL,ED_DT,WORK) VALUES(14,'석사','대한대학교','2014-2-10','N');

INSERT INTO BIT_STDS(SNO,SLVL,SCHL,ED_DT,WORK,COMP) VALUES(15,'학사','고구려대학교','2012-2-10','Y','비트중공업');
INSERT INTO BIT_STDS(SNO,SLVL,SCHL,ED_DT,WORK) VALUES(16,'학사','고구려대학교','2012-2-10','N');
INSERT INTO BIT_STDS(SNO,SLVL,SCHL,ED_DT,WORK) VALUES(17,'학사','고구려대학교','2012-2-10','N');
INSERT INTO BIT_STDS(SNO,SLVL,SCHL,ED_DT,WORK) VALUES(18,'석사','고구려대학교','1998-2-10','N');
INSERT INTO BIT_STDS(SNO,SLVL,SCHL,ED_DT,WORK) VALUES(19,'석사','고구려대학교','1998-2-10','N');

INSERT INTO BIT_STDS(SNO,SLVL,SCHL,ED_DT,WORK,COMP) VALUES(20,'학사','고조선대학교','2011-2-10','Y','비트자동차');
INSERT INTO BIT_STDS(SNO,SLVL,SCHL,ED_DT,WORK) VALUES(21,'학사','고조선대학교','2011-2-10','N');
INSERT INTO BIT_STDS(SNO,SLVL,SCHL,ED_DT,WORK) VALUES(22,'학사','고조선대학교','2011-2-10','N');
INSERT INTO BIT_STDS(SNO,SLVL,SCHL,ED_DT,WORK) VALUES(23,'석사','고조선대학교','2001-2-10','N');
INSERT INTO BIT_STDS(SNO,SLVL,SCHL,ED_DT,WORK) VALUES(24,'박사','고조선대학교','2001-2-10','N');

INSERT INTO BIT_STDS(SNO,SLVL,SCHL,ED_DT,WORK,COMP) VALUES(25,'고졸','부산고등학교','2015-2-10','Y','비트호텔');
INSERT INTO BIT_STDS(SNO,SLVL,SCHL,ED_DT,WORK,COMP) VALUES(26,'고졸','광주고등학교','2015-2-10','Y','비트호텔');
INSERT INTO BIT_STDS(SNO,SLVL,SCHL,ED_DT,WORK,COMP) VALUES(27,'고졸','청주고등학교','2015-2-10','Y','비트자동차');
INSERT INTO BIT_STDS(SNO,SLVL,SCHL,ED_DT,WORK) VALUES(28,'고졸','강릉고등학교','2015-2-10','N');
INSERT INTO BIT_STDS(SNO,SLVL,SCHL,ED_DT,WORK) VALUES(29,'고졸','용인고등학교','2015-2-10','N');

/* 교육과정 정보 등록 */
INSERT INTO BIT_COURS(TITL,CONTS,ST_DT,ED_DT,QTY)
VALUES('자바웹&앱개발자과정(85기)','자바','2016-2-15','2016-7-15',30); 
INSERT INTO BIT_COURS(TITL,CONTS,ST_DT,ED_DT,QTY)
VALUES('자바안드로이드과정(40기)','안드로이드','2016-3-15','2016-8-15',25);
INSERT INTO BIT_COURS(TITL,CONTS,ST_DT,ED_DT,QTY)
VALUES('자바웹&앱개발자과정(86기)','자바','2016-4-15','2016-9-15',30);
INSERT INTO BIT_COURS(TITL,CONTS,ST_DT,ED_DT,QTY)
VALUES('리눅스임베디스과정','리눅스','2016-1-15','2016-6-15',30);

/* 교육과정에 학습모듈 등록 */
INSERT INTO BIT_CO_MODS(CONO,SMNO) VALUES(1,1);
INSERT INTO BIT_CO_MODS(CONO,SMNO) VALUES(1,2);
INSERT INTO BIT_CO_MODS(CONO,SMNO) VALUES(1,3);
INSERT INTO BIT_CO_MODS(CONO,SMNO) VALUES(1,4);
INSERT INTO BIT_CO_MODS(CONO,SMNO) VALUES(1,7);

INSERT INTO BIT_CO_MODS(CONO,SMNO) VALUES(3,1);
INSERT INTO BIT_CO_MODS(CONO,SMNO) VALUES(3,2);
INSERT INTO BIT_CO_MODS(CONO,SMNO) VALUES(3,3);
INSERT INTO BIT_CO_MODS(CONO,SMNO) VALUES(3,4);
INSERT INTO BIT_CO_MODS(CONO,SMNO) VALUES(3,7);

INSERT INTO BIT_CO_MODS(CONO,SMNO) VALUES(2,2);
INSERT INTO BIT_CO_MODS(CONO,SMNO) VALUES(2,3);
INSERT INTO BIT_CO_MODS(CONO,SMNO) VALUES(2,7);
INSERT INTO BIT_CO_MODS(CONO,SMNO) VALUES(2,8);

INSERT INTO BIT_CO_MODS(CONO,SMNO) VALUES(4,1);
INSERT INTO BIT_CO_MODS(CONO,SMNO) VALUES(4,2);
INSERT INTO BIT_CO_MODS(CONO,SMNO) VALUES(4,3);
INSERT INTO BIT_CO_MODS(CONO,SMNO) VALUES(4,5);
INSERT INTO BIT_CO_MODS(CONO,SMNO) VALUES(4,6);
INSERT INTO BIT_CO_MODS(CONO,SMNO) VALUES(4,8);

UPDATE BIT_CO_MODS SET TNO=1 WHERE CONO=1 AND SMNO=1;
UPDATE BIT_CO_MODS SET TNO=1 WHERE CONO=1 AND SMNO=2;
UPDATE BIT_CO_MODS SET TNO=2 WHERE CONO=1 AND SMNO=3;
UPDATE BIT_CO_MODS SET TNO=2 WHERE CONO=1 AND SMNO=4;
UPDATE BIT_CO_MODS SET TNO=2 WHERE CONO=1 AND SMNO=7;

UPDATE BIT_CO_MODS SET TNO=3 WHERE CONO=3 AND SMNO=1;
UPDATE BIT_CO_MODS SET TNO=3 WHERE CONO=3 AND SMNO=2;
UPDATE BIT_CO_MODS SET TNO=1 WHERE CONO=3 AND SMNO=3;
UPDATE BIT_CO_MODS SET TNO=1 WHERE CONO=3 AND SMNO=4;
UPDATE BIT_CO_MODS SET TNO=1 WHERE CONO=3 AND SMNO=7;

UPDATE BIT_CO_MODS SET TNO=1 WHERE CONO=1 AND SMNO=1;
UPDATE BIT_CO_MODS SET TNO=1 WHERE CONO=1 AND SMNO=2;
UPDATE BIT_CO_MODS SET TNO=2 WHERE CONO=1 AND SMNO=3;
UPDATE BIT_CO_MODS SET TNO=2 WHERE CONO=1 AND SMNO=4;
UPDATE BIT_CO_MODS SET TNO=2 WHERE CONO=1 AND SMNO=7;

UPDATE BIT_CO_MODS SET TNO=4 WHERE CONO=2 AND SMNO=2;
UPDATE BIT_CO_MODS SET TNO=4 WHERE CONO=2 AND SMNO=3;
UPDATE BIT_CO_MODS SET TNO=4 WHERE CONO=2 AND SMNO=7;

UPDATE BIT_CO_MODS SET TNO=2 WHERE CONO=4 AND SMNO=1;
UPDATE BIT_CO_MODS SET TNO=2 WHERE CONO=4 AND SMNO=2;
UPDATE BIT_CO_MODS SET TNO=2 WHERE CONO=4 AND SMNO=3;

/* 수강신청 등록 */
INSERT INTO BIT_APPLS(SNO,CONO,CRE_DT) VALUES(10, 1, '2016-5-5');
INSERT INTO BIT_APPLS(SNO,CONO,CRE_DT) VALUES(11, 1, '2016-5-5');
INSERT INTO BIT_APPLS(SNO,CONO,CRE_DT) VALUES(12, 1, '2016-5-5');
INSERT INTO BIT_APPLS(SNO,CONO,CRE_DT) VALUES(13, 1, '2016-5-5');
INSERT INTO BIT_APPLS(SNO,CONO,CRE_DT) VALUES(14, 1, '2016-5-5');
INSERT INTO BIT_APPLS(SNO,CONO,CRE_DT) VALUES(15, 1, '2016-5-5');
INSERT INTO BIT_APPLS(SNO,CONO,CRE_DT) VALUES(16, 1, '2016-5-6');
INSERT INTO BIT_APPLS(SNO,CONO,CRE_DT) VALUES(17, 1, '2016-5-6');
INSERT INTO BIT_APPLS(SNO,CONO,CRE_DT) VALUES(18, 1, '2016-5-6');
INSERT INTO BIT_APPLS(SNO,CONO,CRE_DT) VALUES(19, 1, '2016-5-7');
INSERT INTO BIT_APPLS(SNO,CONO,CRE_DT) VALUES(20, 1, '2016-5-7');
INSERT INTO BIT_APPLS(SNO,CONO,CRE_DT) VALUES(21, 1, '2016-5-8');

INSERT INTO BIT_APPLS(SNO,CONO,CRE_DT) VALUES(18, 2, '2016-5-5');
INSERT INTO BIT_APPLS(SNO,CONO,CRE_DT) VALUES(19, 2, '2016-5-5');
INSERT INTO BIT_APPLS(SNO,CONO,CRE_DT) VALUES(20, 2, '2016-5-5');
INSERT INTO BIT_APPLS(SNO,CONO,CRE_DT) VALUES(21, 2, '2016-5-5');
INSERT INTO BIT_APPLS(SNO,CONO,CRE_DT) VALUES(22, 2, '2016-5-5');
INSERT INTO BIT_APPLS(SNO,CONO,CRE_DT) VALUES(23, 4, '2016-5-5');
INSERT INTO BIT_APPLS(SNO,CONO,CRE_DT) VALUES(24, 4, '2016-5-6');
INSERT INTO BIT_APPLS(SNO,CONO,CRE_DT) VALUES(25, 4, '2016-5-6');
INSERT INTO BIT_APPLS(SNO,CONO,CRE_DT) VALUES(26, 4, '2016-5-6');

/* 회원 사진 등록 */
INSERT INTO BIT_MEMB_PHOS(MNO,PHOT_PATH) VALUES(10, 'a001.gif');
INSERT INTO BIT_MEMB_PHOS(MNO,PHOT_PATH) VALUES(11, 'a002.gif');
INSERT INTO BIT_MEMB_PHOS(MNO,PHOT_PATH) VALUES(12, 'a003.gif');
INSERT INTO BIT_MEMB_PHOS(MNO,PHOT_PATH) VALUES(13, 'a004.gif');
INSERT INTO BIT_MEMB_PHOS(MNO,PHOT_PATH) VALUES(14, 'a005.gif');
INSERT INTO BIT_MEMB_PHOS(MNO,PHOT_PATH) VALUES(15, 'a006.gif');
INSERT INTO BIT_MEMB_PHOS(MNO,PHOT_PATH) VALUES(16, 'a007.gif');
INSERT INTO BIT_MEMB_PHOS(MNO,PHOT_PATH) VALUES(17, 'a008.gif');
INSERT INTO BIT_MEMB_PHOS(MNO,PHOT_PATH) VALUES(18, 'a009.gif');
INSERT INTO BIT_MEMB_PHOS(MNO,PHOT_PATH) VALUES(19, 'a010.gif');
INSERT INTO BIT_MEMB_PHOS(MNO,PHOT_PATH) VALUES(20, 'a011.gif');
INSERT INTO BIT_MEMB_PHOS(MNO,PHOT_PATH) VALUES(21, 'a012.gif');







